{
  "users": [
    {
      "id": 1,
      "anonymousId": "8843a9fb-d064-41f5-a926-ec3a9c221824",
      "email": "pini5192@gmail.com",
      "username": "pini5192@gmail.com",
      "password": "7e4ac62afa0dbb8f2c5e4338efd3f2b2:2faac30bdd2aeff1a261013ac92942d19a71e7ea2d0686c214576ee56f9dc8a256301fee098309349ffcb161e05330b0facceb1184ce6c7367c4215bb53ce4fb",
      "firstName": null,
      "lastName": null,
      "phone": null,
      "profilePicture": null,
      "settings": {},
      "resetToken": null,
      "resetTokenExpiry": null,
      "createdAt": "2025-03-29T10:44:10.325Z",
      "updatedAt": "2025-03-29T10:44:10.325Z"
    }
  ],
  "paymentMethods": [],
  "cloudData": []
}